{
  "preferred_model": null,
  "Wagner": {
    "A": -8.403555,
    "B": 0.3306437,
    "C": -3.666958,
    "D": -0.1357132,
    "p_c": 6226.28248,
    "T_c": 514.5565,
    "T_min": 97.64866,
    "T_max": 514.55650
  }
}
