{
  "preferred_model": null,
  "Wagner": {
    "A": -7.898313,
    "B": 1.997515,
    "C": -2.448405,
    "D": -1.880206,
    "p_c": 22071.54985,
    "T_c": 647.1081,
    "T_min": 240,
    "T_max": 647.1081
  }
}
